region_code,province_name,region_name,representative_latitude,representative_longitude
11010,서울특별시,종로구,37.594916,126.977313
11020,서울특별시,중구,37.560096,126.995864
11030,서울특별시,용산구,37.531301,126.979862
11040,서울특별시,성동구,37.551005,127.041017
11050,서울특별시,광진구,37.546709,127.085737
11060,서울특별시,동대문구,37.582065,127.054894
11070,서울특별시,중랑구,37.597759,127.092885
11080,서울특별시,성북구,37.605722,127.017366
11090,서울특별시,강북구,37.643391,127.011228
11100,서울특별시,도봉구,37.669120,127.032399
11110,서울특별시,노원구,37.652444,127.075049
11120,서울특별시,은평구,37.619172,126.927024
11130,서울특별시,서대문구,37.577822,126.939051
11140,서울특별시,마포구,37.559329,126.908291
11150,서울특별시,양천구,37.525876,126.849265
11160,서울특별시,강서구,37.561258,126.822712
11170,서울특별시,구로구,37.494397,126.845183
11180,서울특별시,금천구,37.460549,126.900850
11190,서울특별시,영등포구,37.522338,126.910123
11200,서울특별시,동작구,37.507882,126.951704
11210,서울특별시,관악구,37.467301,126.945374
11220,서울특별시,서초구,37.473270,127.031337
11230,서울특별시,강남구,37.496701,127.062935
11240,서울특별시,송파구,37.505599,127.115257
11250,서울특별시,강동구,37.550441,127.146974
21010,부산광역시,중구,35.105387,129.032145
21020,부산광역시,서구,35.075850,129.014955
21030,부산광역시,동구,35.128308,129.044800
21040,부산광역시,영도구,35.079549,129.062340
21050,부산광역시,부산진구,35.165278,129.043084
21060,부산광역시,동래구,35.206161,129.079108
21070,부산광역시,남구,35.129212,129.091942
21080,부산광역시,북구,35.229297,129.023407
21090,부산광역시,해운대구,35.193680,129.153607
21100,부산광역시,사하구,35.095166,128.975151
21110,부산광역시,금정구,35.258895,129.091463
21120,부산광역시,강서구,35.139514,128.886056
21130,부산광역시,연제구,35.182362,129.083007
21140,부산광역시,수영구,35.161188,129.111361
21150,부산광역시,사상구,35.158041,128.986583
21510,부산광역시,기장군,35.297849,129.201010
22010,대구광역시,중구,35.870994,128.593592
22020,대구광역시,동구,35.934472,128.685677
22030,대구광역시,서구,35.879598,128.549731
22040,대구광역시,남구,35.835078,128.585326
22050,대구광역시,북구,35.928858,128.577406
22060,대구광역시,수성구,35.833828,128.661205
22070,대구광역시,달서구,35.827676,128.528931
22510,대구광역시,달성군,35.754987,128.477557
22520,대구광역시,군위군,36.170127,128.648179
23010,인천광역시,중구,37.485968,126.468700
23020,인천광역시,동구,37.487828,126.639033
23040,인천광역시,연수구,37.400898,126.640876
23050,인천광역시,남동구,37.430882,126.726491
23060,인천광역시,부평구,37.496591,126.721108
23070,인천광역시,계양구,37.557277,126.734640
23080,인천광역시,서구,37.557218,126.649614
23090,인천광역시,미추홀구,37.452535,126.664583
23510,인천광역시,강화군,37.719968,126.442352
23520,인천광역시,옹진군,37.261201,126.456583
24010,광주광역시,동구,35.117391,126.949516
24020,광주광역시,서구,35.135566,126.850516
24030,광주광역시,남구,35.094104,126.856912
24040,광주광역시,북구,35.193266,126.925399
24050,광주광역시,광산구,35.165057,126.752906
25010,대전광역시,동구,36.323991,127.475077
25020,대전광역시,중구,36.280785,127.411143
25030,대전광역시,서구,36.280357,127.345191
25040,대전광역시,유성구,36.376716,127.333228
25050,대전광역시,대덕구,36.407819,127.434565
26010,울산광역시,중구,35.571098,129.308228
26020,울산광역시,남구,35.515463,129.329296
26030,울산광역시,동구,35.523400,129.426320
26040,울산광역시,북구,35.610109,129.379912
26510,울산광역시,울주군,35.545808,129.187126
29010,세종특별자치시,세종시,36.560536,127.258810
31011,경기도,수원시 장안구,37.313956,127.003415
31012,경기도,수원시 권선구,37.260546,126.979666
31013,경기도,수원시 팔달구,37.277539,127.016412
31014,경기도,수원시 영통구,37.274948,127.056674
31021,경기도,성남시 수정구,37.435283,127.104178
31022,경기도,성남시 중원구,37.433458,127.163971
31023,경기도,성남시 분당구,37.379395,127.106019
31030,경기도,의정부시,37.736226,127.068442
31041,경기도,안양시 만안구,37.404039,126.905684
31042,경기도,안양시 동안구,37.400322,126.955415
31051,경기도,부천시 원미구,37.499879,126.778941
31052,경기도,부천시 소사구,37.474983,126.796800
31053,경기도,부천시 오정구,37.527566,126.793478
31060,경기도,광명시,37.445145,126.864718
31070,경기도,평택시,37.003484,126.970128
31080,경기도,동두천시,37.916531,127.077938
31091,경기도,안산시 상록구,37.315740,126.870594
31092,경기도,안산시 단원구,37.326234,126.791326
31101,경기도,고양시 덕양구,37.655737,126.878584
31103,경기도,고양시 일산동구,37.679769,126.797276
31104,경기도,고양시 일산서구,37.680309,126.727821
31110,경기도,과천시,37.433908,127.002725
31120,경기도,구리시,37.599210,127.131224
31130,경기도,남양주시,37.662512,127.243646
31140,경기도,오산시,37.163270,127.051200
31150,경기도,시흥시,37.386111,126.783613
31160,경기도,군포시,37.343472,126.921178
31170,경기도,의왕시,37.362301,126.989523
31180,경기도,하남시,37.522796,127.205919
31191,경기도,용인시 처인구,37.203309,127.252904
31192,경기도,용인시 기흥구,37.267456,127.121333
31193,경기도,용인시 수지구,37.333467,127.071514
31200,경기도,파주시,37.855480,126.809525
31210,경기도,이천시,37.209802,127.480976
31220,경기도,안성시,37.035025,127.302778
31230,경기도,김포시,37.686610,126.598509
31240,경기도,화성시,37.181861,126.899251
31250,경기도,광주시,37.403049,127.301162
31260,경기도,양주시,37.808606,127.001132
31270,경기도,포천시,37.969812,127.250368
31280,경기도,여주시,37.302430,127.615727
31550,경기도,연천군,38.097041,127.023858
31570,경기도,가평군,37.818422,127.450178
31580,경기도,양평군,37.518043,127.579270
32010,강원특별자치도,춘천시,37.889815,127.739876
32020,강원특별자치도,원주시,37.308251,127.929506
32030,강원특별자치도,강릉시,37.720994,128.853894
32040,강원특별자치도,동해시,37.517727,129.066717
32050,강원특별자치도,태백시,37.172300,128.980115
32060,강원특별자치도,속초시,38.194040,128.534275
32070,강원특별자치도,삼척시,37.280115,129.176251
32510,강원특별자치도,홍천군,37.745045,128.074217
32520,강원특별자치도,횡성군,37.508989,128.077134
32530,강원특별자치도,영월군,37.204037,128.500507
32540,강원특별자치도,평창군,37.556858,128.482585
32550,강원특별자치도,정선군,37.378698,128.739028
32560,강원특별자치도,철원군,38.243861,127.413434
32570,강원특별자치도,화천군,38.138426,127.685138
32580,강원특별자치도,양구군,38.178050,128.001217
32590,강원특별자치도,인제군,38.068795,128.263340
32600,강원특별자치도,고성군,38.372919,128.424618
32610,강원특별자치도,양양군,38.005592,128.626400
33020,충청북도,충주시,37.015185,127.895656
33030,충청북도,제천시,37.059879,128.140907
33041,충청북도,청주시 상당구,36.592145,127.562538
33042,충청북도,청주시 서원구,36.547567,127.425151
33043,충청북도,청주시 흥덕구,36.646955,127.369207
33044,충청북도,청주시 청원구,36.720579,127.491333
33520,충청북도,보은군,36.489961,127.729359
33530,충청북도,옥천군,36.320438,127.656570
33540,충청북도,영동군,36.159660,127.814245
33550,충청북도,진천군,36.870993,127.440466
33560,충청북도,괴산군,36.769668,127.829558
33570,충청북도,음성군,36.976207,127.614220
33580,충청북도,단양군,36.994450,128.387839
33590,충청북도,증평군,36.786558,127.593416
34011,충청남도,천안시 동남구,36.764082,127.220909
34012,충청남도,천안시 서북구,36.892684,127.161721
34020,충청남도,공주시,36.479815,127.075122
34030,충청남도,보령시,36.333466,126.612769
34040,충청남도,아산시,36.807337,126.980047
34050,충청남도,서산시,36.784911,126.450312
34060,충청남도,논산시,36.190921,127.157769
34070,충청남도,계룡시,36.291666,127.234472
34080,충청남도,당진시,36.916733,126.645856
34510,충청남도,금산군,36.118985,127.478365
34530,충청남도,부여군,36.246364,126.856985
34540,충청남도,서천군,36.107625,126.724639
34550,충청남도,청양군,36.430551,126.853059
34560,충청남도,홍성군,36.601296,126.660817
34570,충청남도,예산군,36.682820,126.848838
34580,충청남도,태안군,36.763418,126.280858
35011,전북특별자치도,전주시 완산구,35.792049,127.116229
35012,전북특별자치도,전주시 덕진구,35.872344,127.112586
35020,전북특별자치도,군산시,35.967618,126.736868
35030,전북특별자치도,익산시,36.023135,126.989499
35040,전북특별자치도,정읍시,35.602646,126.905872
35050,전북특별자치도,남원시,35.422519,127.441915
35060,전북특별자치도,김제시,35.806852,126.896131
35510,전북특별자치도,완주군,35.949976,127.217402
35520,전북특별자치도,진안군,35.828797,127.430017
35530,전북특별자치도,무주군,35.939346,127.712957
35540,전북특별자치도,장수군,35.657499,127.544291
35550,전북특별자치도,임실군,35.598206,127.236638
35560,전북특별자치도,순창군,35.442747,127.123117
35570,전북특별자치도,고창군,35.453281,126.624762
35580,전북특별자치도,부안군,35.686152,126.656131
36010,전라남도,목포시,34.821038,126.408639
36020,전라남도,여수시,34.796499,127.662369
36030,전라남도,순천시,34.994494,127.389423
36040,전라남도,나주시,34.988606,126.720426
36060,전라남도,광양시,35.032003,127.667964
36510,전라남도,담양군,35.291483,126.995300
36520,전라남도,곡성군,35.216580,127.263588
36530,전라남도,구례군,35.236766,127.503143
36550,전라남도,고흥군,34.610957,127.285082
36560,전라남도,보성군,34.816537,127.133984
36570,전라남도,화순군,35.008129,127.033422
36580,전라남도,장흥군,34.681885,126.939773
36590,전라남도,강진군,34.669092,126.766894
36600,전라남도,해남군,34.573316,126.566452
36610,전라남도,영암군,34.799919,126.653074
36620,전라남도,무안군,34.936145,126.460451
36630,전라남도,함평군,35.112657,126.535476
36640,전라남도,영광군,35.285918,126.478861
36650,전라남도,장성군,35.329574,126.768527
36660,전라남도,완도군,34.364663,126.689233
36670,전라남도,진도군,34.486843,126.263541
36680,전라남도,신안군,34.869362,126.318080
37011,경상북도,포항시 남구,35.944653,129.418170
37012,경상북도,포항시 북구,36.155333,129.261683
37020,경상북도,경주시,35.833154,129.269399
37030,경상북도,김천시,36.060408,128.077697
37040,경상북도,안동시,36.580231,128.779998
37050,경상북도,구미시,36.207312,128.355558
37060,경상북도,영주시,36.870464,128.597676
37070,경상북도,영천시,36.015797,128.942650
37080,경상북도,상주시,36.429524,128.067010
37090,경상북도,문경시,36.690767,128.148610
37100,경상북도,경산시,35.834066,128.809067
37520,경상북도,의성군,36.362045,128.615169
37530,경상북도,청송군,36.356954,129.057393
37540,경상북도,영양군,36.696331,129.144995
37550,경상북도,영덕군,36.482358,129.317637
37560,경상북도,청도군,35.672958,128.786454
37570,경상북도,고령군,35.737221,128.306742
37580,경상북도,성주군,35.907227,128.233350
37590,경상북도,칠곡군,36.015491,128.462554
37600,경상북도,예천군,36.653813,128.422365
37610,경상북도,봉화군,36.934169,128.912977
37620,경상북도,울진군,36.929158,129.310679
37630,경상북도,울릉군,37.502332,130.862965
38030,경상남도,진주시,35.205164,128.129867
38050,경상남도,통영시,34.863597,128.416895
38060,경상남도,사천시,35.022392,128.094975
38070,경상남도,김해시,35.272163,128.845204
38080,경상남도,밀양시,35.498504,128.789630
38090,경상남도,거제시,34.875667,128.620772
38100,경상남도,양산시,35.401872,129.041050
38111,경상남도,창원시 의창구,35.309074,128.649531
38112,경상남도,창원시 성산구,35.209640,128.672132
38113,경상남도,창원시 마산합포구,35.150206,128.485551
38114,경상남도,창원시 마산회원구,35.250286,128.536784
38115,경상남도,창원시 진해구,35.138712,128.757971
38510,경상남도,의령군,35.392415,128.277087
38520,경상남도,함안군,35.290974,128.430838
38530,경상남도,창녕군,35.508289,128.492984
38540,경상남도,고성군,35.004110,128.256137
38550,경상남도,남해군,34.837743,127.881717
38560,경상남도,하동군,35.137634,127.805273
38570,경상남도,산청군,35.368587,127.884332
38580,경상남도,함양군,35.551610,127.722033
38590,경상남도,거창군,35.732512,127.904152
38600,경상남도,합천군,35.576571,128.141569
39010,제주특별자치도,제주시,33.454410,126.531557
39020,제주특별자치도,서귀포시,33.313251,126.558946
